<?xml version='1.0' encoding='UTF-8'?>
<SOAP-ENV:Envelope xmlns:SOAP-ENV="http://schemas.xmlsoap.org/soap/envelope/" xmlns:xsi="http://www.w3.org/2001/XMLSchema-instance" xmlns:xsd="http://www.w3.org/2001/XMLSchema">
<SOAP-ENV:Body>
<SOAP-ENV:Fault>
<faultcode>SOAP-ENV:Server</faultcode>
<faultstring>A timeout occurred during processing</faultstring>
<faultactor>/GIBIAL/Account/AccountServices.svc</faultactor>
<detail><text>Timeout. Broker SIMWKSANode did not provide a response within the specified time interval (10 seconds). The message timed out before it reached the main flow. It was then processed by the timeout flow, but timed out again during processing.</text></detail>
</SOAP-ENV:Fault>
</SOAP-ENV:Body>
</SOAP-ENV:Envelope>